id,title,author,rating,content,timestamp,profile_id,is_verified,review_from,product_attributes,asin,helpful_count
R1IS9V17JEOR7C,Treadmill,Doris Bedford,5,Seller responded promptly to my request and answered my questions promptly. Easy to work with and would recommend,"Reviewed in the United States April 8, 2025",AFRJIFPQXIOLGPX2NILEKVC26QSQ,False,From the United States,Style: 05-Mini-Black-80cm,B0DD3VT6D2,
R1466M9ZGQFIYV,Width Is A Problem,W. Horton,2,"The product arrived promptly and was easy to set up. It is easy to operate and seems to work very well. The reason for my less than positive review is that the treadmill is simply not wide enough. I find it hard to walk for very long on it because my natural stride has my feet slightly farther apart and I cannot do that on this item since it is not wider. Disappointingly, I would not have purchased if I had realized it was not wider. Otherwise, it appears to be a very good product.","Reviewed in the United States April 5, 2025",AGC2J5UESTTG6TRRX6KDVTFF6SQA,True,From the United States,Style: 05-Black-90cm,B0DD3VT6D2,
R1K29AL9EPMSA1,"Works great, smooth walk, only goes to 2.5 though",Lily Jones,4,"I love the treadmill and no assembly required. There are two things I am not fond of: one is that it is shorter than I am used to, so I have to be careful not to walk off the back of the treadmill. I bought a wheel-free walker just to have something to hold onto while on the treadmill to stay standing straight and avoid moving too much, which was a solution for me. The other thing I don't like is that the speed only goes up to 2.5, which I should have checked before purchasing, but the speed I normally use is 2.6 or 2.7 for walking, so it's not a big issue. Overall, the treadmill works very smoothly, is very sturdy and well built, and I am still glad I purchased it even with the two cons.","Reviewed in the United States April 4, 2025",AGP32TY7AH335JKRMX42W3M4NV7A,True,From the United States,Style: 05-Mini-Black-80cm,B0DD3VT6D2,
RHOODDQT9GE0X,Amazing quality,KIM DEROSA,5,"Love this !!! Great quality .. very little noise, and portable ! I have used this everyday since my husband bought it for me .","Reviewed in the United States April 3, 2025",AE37GARGY4U3N6YOGZ3ICC3CONBQ,True,From the United States,Style: 06-Gose golden-80,B0DD3VT6D2,
R16DDFFW96ZP14,Buy it!,Thomas,5,Love my walking pad! Super easy way to get steps in during the day or during bad weather. Hate I didn‚Äôt buy one sooner! Highly recommend this brand!,"Reviewed in the United States April 3, 2025",AF5CNVMLJTND2OC3IPZDPLQ57HXA,True,From the United States,Style: 06-Gose golden-80,B0DD3VT6D2,
RRYJUHW9RJJDF,Love it,AmazonFan,5,Great value-no complaints. As a writer who spends lots of time sitting this has been a very convenient way to get some exercise!.,"Reviewed in the United States April 1, 2025",AH7RVY4VHELZDEE4E5G2MQ4L3ERA,True,From the United States,Style: 06-Gray-90cm,B0DD3VT6D2,
RS8T6KOPY43V0,Wouldn't buy again,Christopher Havens,1,This thing is crapping out after only 5 months of use. You get what you pay for.,"Reviewed in the United States March 31, 2025",AGIONSFI4MDKEYBRHJXBSKFDLDHA,True,From the United States,Style: 06-Gray-90cm,B0DD3VT6D2,
R2IAGUSH5BA83O,CON: PITPAT APP OPERATES THE WALKING PAD,Marla,3,"ITS WELL PACKAGED. SO WELL, I NEEDED A COOKIE AND NAP AFTER I FINALLY GOT IT OUT OF THE WELL TAPED PACKAGING. SEEMS STURDY. HEAVIER THAN I THOUGHT IT WOULD BE. BIGGEST CON IS THE APP, ITS LIKE PLAYING A VIDEO GAME FULL OF ADS TO TRY TO TURN IT ON. I JUST WANT TO USE IT TO WALK, ADJUST THE SPEED. THATS IT. I HAVEN‚ÄôT DECIDED IF I‚ÄôM KEEPING IT, BECAUSE OF THE APP.","Reviewed in the United States March 30, 2025",AGIR2JXQO63KJRIXWXXMEQ23NR7Q,True,From the United States,Style: 05-Black-90cm,B0DD3VT6D2,
R180KT9NC2HNMZ,Died 8 months after purchase,Andrea Johnson,1,I purchased this in July 2024. It‚Äôs worked great but now will not start and has a constant buzz when you turn the power on. Product support doesn‚Äôt answer their phone. I‚Äôd go with another brand unless you want something that dies less than a year later.,"Reviewed in the United States March 27, 2025",AH6MI7HUIJKUIH6NOPSNU3JOBH3Q,True,From the United States,,B0DD3VT6D2,
R2Q0KVP6SJD54J,Must Have Treadmill,Chelsie Cole,5,Wonderful treadmill! It‚Äôs very easy to use and comes with detailed care instructions. The app is free and has tons of features you‚Äôd enjoy. I had to reach out to customer service support and they were friendly and helpful. I absolutely recommend this treadmill!,"Reviewed in the United States March 23, 2025",AHTIUIZ6EVMZCR3IDRLJEIWII4XA,False,From the United States,Style: 05-Mini-Black-80cm,B0DD3VT6D2,
R3LAKORUJAJLU2,Good product.,Lisarivera17,4,Good solid product. I purchased and I returned only because I decided to get the upgraded model with the bar. It is a small walking area and easily to step off the sides by accident.,"Reviewed in the United States March 22, 2025",AET4SBISBJCIHSO4REGU5A5PD4YA,True,From the United States,Style: 05-Black-90cm-New,B0DD3VT6D2,
R2R1548EXL2PAX,Safety,Myriam,4,Wish there was a handle for better support and safety,"Reviewed in the United States March 20, 2025",AE5CJBXWODLS3C5IRR4MEPTHVOGA,True,From the United States,Style: 05-Mini-Black-80cm,B0DD3VT6D2,
RBXO8HRCQ13YL,Nice and seems higher quality.,Ted Jones Jr.,5,"Instructions were a tad vague, but everything seemed common sense. Extra battery for remote which is nice. My wife and I are taller than average so the longer pad is nice.I‚Äôd recommend getting one with a cross bar or you‚Äôll tend to creep forward as you walk.","Reviewed in the United States March 19, 2025",AFNPZR7GKEZ7Y4P4WG5UXWUTWDZA,True,From the United States,Style: 06-Gose golden-80,B0DD3VT6D2,
R37XZAW0LBZAXR,Don‚Äôt,Angela,2,"I works well for me to get my steps it. It states it will work for up to 300 lbs. However, for my partner who weighs around 230-240 it doesn‚Äôt work.","Reviewed in the United States March 19, 2025",AE3IKXTHO4RSAU4RSS2RKDLCLYAQ,True,From the United States,Style: 06-Gray-90cm,B0DD3VT6D2,
R3HJASB66947M6,Works well,Lorelli,5,"Just what I wanted! It‚Äôs compact, has wheels, and can be stored or left out. It‚Äôs a quiet walker and the versatility with settings works well. I like that it shows my time lapse, distance walked and speed. I purchased a pretty color just to make me a little happier when I got on to work out lol. Mine is mint green but it comes in other colors. It is a good value for the price.","Reviewed in the United States March 18, 2025",AHCH4CIQUI3NDE2SJP666UZNEYVQ,True,From the United States,Style: 05-Black-90cm,B0DD3VT6D2,1.0
R2YRT5CCDRAAJ5,Well made and good value,cakequeen,5,"If u don't have room for full size treadmill, this is a great option. Really well made and sturdy.","Reviewed in the United States March 15, 2025",AGGZ7FODYIA6VAT27BY65XSBWVNA,True,From the United States,Style: 05-Mini-Pink-80cm,B0DD3VT6D2,
R3NNL2ZMYA01VL,READ 1 and 2 star reviews,Our neck of the woods,1,"The media could not be loaded. Did not work out of the box. Loud squealing sound. Belt not moving and screen blacked out. Received Superun (generic model) not Deerun. Many messages later with the seller, refund pending. Will update if I receive refund. Lots of reviews 1 and 2 star for same issue and worse. Wish I‚Äôd noticed before purchasing. Size is perfect but quality of this one was completely lacking. Assembly wasn‚Äôt required. Go with Deerun directly, they are what we have at work and they are great.","Reviewed in the United States March 11, 2025",AEREBBMZPIHXFPC7DUVSMOEHYOEQ,True,From the United States,Style: 06-Gose golden-80,B0DD3VT6D2,1.0
R32OSLNLPJGQP4,Fast Customer Service,Dad_Rizz,5,Fast & Understanding Customer Service. Good value for money.,"Reviewed in the United States March 10, 2025",AHAUC5UYZP7UQ447ZNURTL367E4A,True,From the United States,Style: 05-Black-90cm,B0DD3VT6D2,
RNTIG9WW2EKGX,Amazing product! Great customer service!,Kay Gee,5,I don‚Äôt have enough room here to say how much I love this tread mill. I used it at work every day. When I had an issue the company took care of the problem. Great product! Great customer service! I have been recommending it to all my co-workers!,"Reviewed in the United States March 7, 2025",AFN2ZYLFTUR5CKDLB4NUI2CHEQLQ,True,From the United States,Style: 06-Gray-90cm,B0DD3VT6D2,
R2TO219BRYCUGE,Decent Walking Pad,Jesse,3,"Nice walking pad, that functions well. It needs the option to mute the beeper since it requires you to desolder it off of the motherboard if you want it to be quiet. The remote also might sync with another pad if it is used in the same room. If you don't care about either of those, I would say go for it.","Reviewed in the United States March 3, 2025",AHCJ7UXGX44GTP6O3RIURFXYMZYQ,True,From the United States,,B0DD3VT6D2,
R24GK2GTGCD6X7,Great customer service,AmazonMMV,5,Great customer service. Walking pad is perfect size! Would buy again!,"Reviewed in the United States February 26, 2025",AG7XX36LD73M3LGPNVNPVXLOE62Q,True,From the United States,Style: 05-Black-90cm,B0DD3VT6D2,
R18FWXM5MZ1LLI,"Bro, don't buy this",Hannah,1,"DO NOT BUY. Where do I even begin? Within 5 minutes on this ‚Äúwalking‚Äù pad, it started throwing me off like a mechanical bull at a county fair. It went from ‚Äúgentle stroll in the park‚Äù to ‚Äútell my family I love them‚Äù in record time. Apparently, the belt has a mind of its own‚Äîsliding left, right, then left again‚Äîlike it‚Äôs auditioning for a terrible Broadway dance number.Adjusting the belt? Sure! Just grab an Allen wrench, twist some knobs, whisper a prayer, and you might as well do the Hokey Pokey because that‚Äôs about as successful as you‚Äôll get at straightening this contraption out. I spent more time fiddling with it than actually walking, and by the end, my heart rate was up only from frustration, not exercise. In the end, if you‚Äôd like to add some excitement to your home‚Äîperhaps by yelling at an inanimate object every morning‚Äîgo for it. Otherwise, save your money and avoid the emotional roller coaster this treadmill will inevitably bring.","Reviewed in the United States February 25, 2025",AFOPZMHVJDR3IKKK7TUQILRNYPDQ,True,From the United States,Style: 06-Gose golden-80,B0DD3VT6D2,23.0
R3P7CCRG9P2DZH,Never worked from time it came out of the box,connie,1,"Plugged it in, would not work","Reviewed in the United States February 24, 2025",AEV4WCFXBQPUDWHQ3YGIP7FIPDMA,True,From the United States,Style: 06-Gray-90cm,B0DD3VT6D2,2.0
R33Q4V9S8E6ZHU,Short lived/ Not durable,Mara Marius,2,Was great in the beginning but only worked for 3 months and now I'm on a search for another one from a different brand,"Reviewed in the United States February 24, 2025",AHWU5P3YQHAC4E35VLTSIE6SKC4A,True,From the United States,Style: 06-Gray-90cm,B0DD3VT6D2,1.0
R1CP008XR2IGQF,Great product & customer service,Brooke,5,I love this walking pad. It works great and easy to store. The customer service is responses within a day.,"Reviewed in the United States February 22, 2025",AHAU5TO27CJITKKKUQWMF5XKLTTA,False,From the United States,Style: 05-Black-90cm,B0DD3VT6D2,
R3G2JAPJXBLQGA,Great Product and Customer Service,Banana phone,5,"I love this treadmill. It is really nice to get exercise while working at my desk. Also, their customer service is very responsive with any questions.","Reviewed in the United States February 21, 2025",AE5FUB6RAQQ6XWR6UAVJOMJXR2KQ,True,From the United States,Style: 05-Mini-Pink-80cm,B0DD3VT6D2,
R288GSI9NSY1V3,Easy to use right from the start!,Flamingo Walker,5,Easy to use and move around. Convenient size to store under a bed.Love that I can get my walk in when weather is not cooperative!,"Reviewed in the United States February 21, 2025",AFX6TYMRPG3VQUXKDHD2KQC5ZMTQ,True,From the United States,Style: 06-Gray-90cm,B0DD3VT6D2,
R18UIP1CXHCEBW,Love this walking pad!,Bridget Simmons,5,Fits under my couch and easy to stow away. I‚Äôve been using it every day. It‚Äôs been great for staying active in the cold dark winter. I‚Äôm 5‚Äô4‚Äù and the length is fine for me. However it‚Äôs a little short for my husband who has a longer stride at 6‚Äô2‚Äù.,"Reviewed in the United States February 14, 2025",AF7JBJTZQHFZREAYFDITA7NNZVYQ,True,From the United States,Style: 05-Black-90cm,B0DD3VT6D2,
RH9WMA33A0MXQ,Too small,Carma,1,"Pad is too small to truly take a brisk walk on , and I‚Äôm only 5‚Äô3‚Äù. Wasted my money.","Reviewed in the United States January 31, 2025",AGIKCKDCP42LXFFWVTLXDBELCU4A,True,From the United States,Style: 06-Black-90cm,B0DD3VT6D2,
R2YH545P1FOCGP,Broken,K,1,I walked on this treadmill for five days a week for a whole month. I tried to get on it today. Which is the last day of the month and it says error. Do not buy this walking pad.,"Reviewed in the United States January 31, 2025",AEUZ237YCL2VQTCZ5V6XN4L3FAUQ,True,From the United States,,B0DD3VT6D2,
R1M53WTZO7037Y,Pleasantly surprised!,Marc Drown,5,"Super happy with this walking pad!! I got it a week before I was suppose to!! So easy to set up, a little adjustment to the belt with tools and instructions provided and ran like a charm!! Definitely worth the price. Light weight but durable and super easy to set up!","Reviewed in the United States January 23, 2025",AH4YZYKDIQMX2ATUHCU4WL6XWSGQ,True,From the United States,Style: 06-Black-90cm,B0DD3VT6D2,1.0
R1EP5YWMTOYGE7,Love it!,Mikayla Ojeda,5,Perfect size for my apartment. Not too noisy. Small but not too small. My daughter loves it too lol,"Reviewed in the United States January 23, 2025",AHMFFTBIVWLEYXWIANDWDJYVN2JQ,True,From the United States,Style: 05-Mini-Black-80cm,B0DD3VT6D2,1.0
R6XH2CKSVCH05,Overall Pleased,Baysmom,5,"I am pleased with the walking pad. It is sturdy and easy to move and store under the bed. I really like that it goes to 5 mph. I did have to adjust the belt the first 3 or 4 times I used it, but after that, it pretty much stayed in place. The only thing I wish it had is a pause option, instead of having to restart the time and distance if having to stop.","Reviewed in the United States January 22, 2025",AFPRV7E3NQYI2SX7FMQ2MA5EEUVA,True,From the United States,Style: 06-Black-90cm,B0DD3VT6D2,1.0
R3WNASOR3PYQU,Okay,Kimi,4,"I purchased this to put in my office however my pregnant niece ended up using it. I feel it's a little narrow, she thinks it's just right. I would say get it, what do you have to lose!","Reviewed in the United States January 22, 2025",AEOOP6PURAEKSRV3RRAZK7YSAUGA,True,From the United States,,B0DD3VT6D2,
R1Y1BCMYQZS6LR,Not very long but cheap and easily movable,TiffMc,4,"As a starter treadmill it really worked fine for the price. It was fairly quiet. It's easy to move out of the way.The walking pad is not very long. I'm tall and my feet often touch the front or back edge of the walking pad. I believe some of the photos are photoshopped to make it look longer than reality. In some of them the woman could take two full strides. In reality it's cramped for one, if you're tall.The beeper is REALLY LOUD. Very annoying. Why advertise how quiet the machine is and then put an unnecessarily loud noise maker on it?But overall, we definitely got our money's worth. And arrived several days quicker than expected!","Reviewed in the United States January 16, 2025",AGOCQA3I2W56Y5E4CHF5FIMNI7CA,True,From the United States,Style: 05-Black-90cm-New,B0DD3VT6D2,4.0
R2S8U2Z2TGF5DV,Good for MY needs,EdGOhio,4,"Overall a good walking track and packaged well. For myself this is good fit as I'm just under 5'9"" so my gait isn't that long and don't intend to use for running, its' top speed is 3.8mph anyways. At 65+ this is for winter and harsh weather time to keep the ole joints ""greased"". If you have a long gait or a widespread walking habit you may run into the issue of being too short and narrow. This isn't a design defect just simply made for people with different needs. A set of related issues are: lack of a grab handle when trying to roll around to store away and extremely small roller wheels associated with that. Overall a good product for the price, will revisit after a few months. Stay healthy all!","Reviewed in the United States January 15, 2025",AH3GL7LO5JG72TYQP2TWQ2P5AW5A,True,From the United States,Style: 05-Black-90cm,B0DD3VT6D2,
RC5Y0RSYZ0ZRT,Great Quality for the price.,Kindle Customer,5,Love the portability of it!,"Reviewed in the United States January 15, 2025",AFPW3CYCE6XMFYSED6C2NAEJ2AOQ,True,From the United States,Style: 06-Black-90cm,B0DD3VT6D2,1.0
ROHEQ5A74J5PB,Walking pad not wide enough for larger people to be comfortable,Amazon Customer,3,I would love this product if the walking pad were wider for larger people.,"Reviewed in the United States January 13, 2025",AEL7PUGI7STNTXAPTJAM7ZA34AKQ,True,From the United States,Style: 05-Mini-White-80cm,B0DD3VT6D2,1.0
R3ONMC5Q35TR1Y,DeerRun walking pad,Shari DeSmet,5,"The media could not be loaded. Product is perfect for home or office. Does what it's supposed. Great for the person who does a lot of work at a desk, start it up, get on the pad and walk for a few minutes gets the blood and joints moving.Thanks DeerRun.","Reviewed in the United States January 12, 2025",AFRFC3H35MFYXC2A6PQUE5SVN64Q,True,From the United States,Style: 06-Black-90cm,B0DD3VT6D2,1.0
R184VFQG5ZOOVU,As described,Queen Verne,5,As described,"Reviewed in the United States January 9, 2025",AFLM2HBXMZWJX2OJLDTFN7DOACEQ,True,From the United States,Style: 05-Black-90cm,B0DD3VT6D2,
RUPPT7TZFY9CA,"Beeps Very Loudly, but is Very Well Built",AB,5,The media could not be loaded. I bought 2 different brands and this is the better of the 2. It seems a lot studier and runs quieter than the Lichico brand I purchased. The only issue with this one is it beeped too loud when turning on and adjusting speeds. This beep was loud enough to be heard the floor below me and in the offices on my floor. I was able to take it apart easily and fill in/cover the speaker (circled in red) with Hot Glue. I chose hot glue since it was already present in other places. It is now the perfect walking pad. It runs very quietly and the beeping sound is now minimal. I most likely voided my warranty doing this but I am happy. If they make a 2025 model I would suggest a quieter speaker.,"Reviewed in the United States January 5, 2025",AHIJ3QHHDJSHAMJDHB2DOG42HL3Q,True,From the United States,Style: 06-Gray-90cm,B0DD3VT6D2,9.0
R15AN8X3VO5RBO,Belt moves,Amazon Customer,2,The belt slides constantly to one side. I have to adjust every time sometimes multiple times when using.,"Reviewed in the United States January 5, 2025",AFNFDR7HOEZS2UTMDS6Z2AO3LAHQ,True,From the United States,Style: 06-Gray-90cm,B0DD3VT6D2,
R2X1LJUVRWMD81,Belt always moves,christina,3,The belt always shifts no matter how many times I adjust it. It also gets hot after being on it for 30 minutes,"Reviewed in the United States January 3, 2025",AF3HYQ64PKIXGJW2PTFZNYNPXL4A,True,From the United States,Style: 05-Black-90cm,B0DD3VT6D2,1.0
R2WS5QKIWGT5AK,Doesn‚Äôt work,michele,1,My unit didn‚Äôt turn on out of the box. No help from customer support number.,"Reviewed in the United States December 31, 2024",AG6A4XZ7KCELRPQ2UJMIRAAZVMTQ,False,From the United States,Style: 05-Black-90cm,B0DD3VT6D2,2.0
R1OHHRLBL9QZ3P,Worth recommending.,Berta,5,"I particularly like DeerRun's rewards program, which allows me to get extra rewards and discounts by participating in various challenges and achieving goals. This not only increases the fun of exercise, but also gives me more motivation to stick to it. Overall, this smart walking board is an ideal choice for office fitness.","Reviewed in the United States December 31, 2024",AH3FXOE25ACJJ2JG7TORDGC4S7QA,False,From the United States,Style: 06-Gray-90cm,B0DD3VT6D2,
R33LJY1G5E1XGV,2024 Upgraded DeerRun Smart Walking Board - Competition-level Smart Treadmill,Norman Johnson,5,"This DeerRun 2024 Upgraded Smart Walking Board is a great choice for me to stay healthy in the office. The installation process is very simple and can be completed in just a few minutes. Using the APP/remote control function, I can start or stop the treadmill anytime and anywhere, adjust the speed and incline. In addition, this treadmill is equipped with a clear LED display that can display my exercise data in real time, including speed, time, distance, and calorie consumption.","Reviewed in the United States December 31, 2024",AF4RECFVKCSUMW6RCFDRF3KGURJA,True,From the United States,Style: 06-Gray-90cm,B0DD3VT6D2,
R1ETVPOXXI14H6,2024 Upgraded DeerRun Walking Board‚Äî‚ÄîCompetitive Smart Under-Desk Treadmill,Mark a Kelly,5,"This DeerRun 2024 Upgraded Walking Board is awesome! Its smart features and rewards program keep people motivated while exercising. The installation process is also very quick and easy, with almost no tools required. The treadmill's 2.5HP motor provides plenty of power and keeps things running smoothly even at high speeds. The app and remote control features allow me to easily adjust settings, while the LED display clearly shows my progress and calories burned. This treadmill fits perfectly under my desk, allowing me to stay fit while working.","Reviewed in the United States December 31, 2024",AHT22TO26C3OPDCTK6QT4FQP2ASA,True,From the United States,Style: 06-Gray-90cm,B0DD3VT6D2,
R3M7379ZZM9JLT,Great for keeping in shape during the cold winter months,Lisa A.,5,I like this so much I bought 2 of them so I wouldn't have to share with the rest of the family. I don't have room for a regular treadmill but this stores easily under a bed or leaning up against a wall.,"Reviewed in the United States December 31, 2024",AEVTARAQXGLTRILW6HBGQSUYISZQ,True,From the United States,Style: 05-Black-90cm,B0DD3VT6D2,
R1OQVZ2MZUP3WF,Trips breakers - known issue,Christie Brown,1,The DeerRun walking pad has an electrical issue that throws household breakers when turned on. Very disappointed and returning item.,"Reviewed in the United States December 30, 2024",AECBHMSJDY3NGHNJ6HQSAS64TXFQ,True,From the United States,,B0DD3VT6D2,2.0
R24M9J0QCKMXBY,"Great walking pad, really bad customer service",Anthony Oswald,5,Not ten minutes after getting it the power button stuck and would not work. Called the number and after several emails that went no where I gave up!!! Don't order save your money...,"Reviewed in the United States December 30, 2024",AGLTMNEK5ZJV3Y4N5I4LCXRGPPJA,True,From the United States,Style: 06-Gray-90cm,B0DD3VT6D2,
R2U400PKS2AYVZ,Convenient,Sherry Boyett,4,Great for when weather is nasty. Could have been longer.,"Reviewed in the United States December 29, 2024",AEUIVDL3CY5HNUJVWRGN4TC7LC3Q,True,From the United States,Style: 05-Mini-White-80cm,B0DD3VT6D2,
R2MFGY7WTPIGU1,I wish I had gotten one with arms !,Tani Newton,5,This thing works great ! I love everything about it but wish I had gotten one with arms. It‚Äôs quiet. It‚Äôs got power but sometimes I get a little dizzy looking down at it all the time. So when I look up I get a little off kilter. Lol ! It‚Äôs def worth the money. But spend a little more and get the arms with it !,"Reviewed in the United States December 29, 2024",AFTHJO4TQETJWPH4FVTBJY4QGI6A,True,From the United States,Style: 06-Black-90cm,B0DD3VT6D2,2.0
R2Y37DQZGJ2KCR,Very useful for indoor walking!,Miranda,5,I would recommend this pad to anyone thinking about getting one. I really like how easy it is to use. An inexpensive (no gym fees) yet very effective way to get my walking in on days I don't feel like braving hot or cold weather outside. It's fun to use and know I'm taking care of myself!,"Reviewed in the United States December 29, 2024",AH3BCYKWBGYNHIFVNGVHBST4ZGWA,False,From the United States,Style: 05-Black-90cm-New,B0DD3VT6D2,
R29EM9YA5JE2OS,Christmas Gift,javier tapia,5,"I bought this as a gift for my wife and she has absolutely loved it. She uses it just about every day, it‚Äôs been consistent and is easy to set up.","Reviewed in the United States December 28, 2024",AEO34WOBNLRAUIYYDHI4TTXWAPSA,True,From the United States,Style: 06-Gray-90cm,B0DD3VT6D2,
RXBW1VJ4DBWKW,Update:Tripping breakers out of the box. Update units work great,Ramona M.,1,"Well I ordered two of these, the first one I ordered , was delivered in a timely manner, I liked it so much that I purchased a second one for my Son's household as a Christmas gift. The second one was very disappointing. Everytime they try to use it, it trips the breaker, no matter where they plug it in. I am now trying to contact the seller, ... To be continued... update, extending my apologies to the company and anyone that my negative comments lead a stray.After I contacted the seller and informed them of what I thought was a defective product, the seller reached out to me and shipped a new walking pad immediately to correct the situation. After troubleshooting by taking the walking pad to a different house, it worked perfectly, no issues.The problem appears to be with house hold electrical system. I am very satisfied with Both walking pads . Definitely recommending.","Reviewed in the United States December 20, 2024",AEJ4MUIWPUGOCNH4XFORX4EMLJDQ,True,From the United States,Style: 06-Black-90cm,B0DD3VT6D2,8.0
R10Q46DMA5JHEI,Not what I ordered-- but fine!,JohnInHoustonTexas,4,"I am very pleased with the GRAY SupeRun walking pad that was sent to me, even though I ordered a BLACK Deer Run. (Seems to be the same thing with the same specs.)Not sure how I ended up with a different color from a different brand.It was easy to put together, and was well packaged. Not a scratch or dent on the machine from shipping.I'm deducting a star for the impossibly difficult sticker at the top of the walking pad. Most of the time for items like this the adhesive will lift off with ease. This decal was the opposite. It left a trail of thick goo all over the top of the machine and it took about 45 minutes of scrubbing with Spray and Wash and 91% rubbing alcohol to get all of adhesive removed .üôÑI do a lot of walking so if this treadmill does not hold up I will update my review.","Reviewed in the United States December 16, 2024",AE5XVWBVXWQU3RDVXXHBFUP3IOWQ,True,From the United States,Style: 06-Black-90cm,B0DD3VT6D2,1.0
R1GCLMGO6BC2SC,"Works well so far. Smallish for a tall person, belt is finnicky but fixable",Rachel,3,"Pros: works right out of the box. I've walked on it for 3 sessions of 30-45 minutes between 2 and 3.5 mph with almost no issues (230lb 5'10""). It had no problem keeping up the pace, and generally the belt did not slip (see below for the exception). It is easy to move, and it connects with the app easily. The remote works.Walking experience: The walking surface is less shock-absorbent than a ""real"" treadmill, but still passable. Know that even the larger ""plus"" model is much smaller than your average treadmill. If you are tall like me, it takes some practice to be able to walk without scraping the front of the cover while also not letting your feet off the end. For me, it's exactly big enough to walk normally with zero extra space. I would have liked an extra inch or two on the sides and in the length so that I didn't have to train myself to stay in the exact ideal spot.On belt slipping: The belt assembly comes mostly balanced -- I noticed some minor drift at first, but nothing major. But I have a, perhaps unwise, habit of stepping off of treadmills at low speed or during their cooldown phase by letting the belt pull me off the end and landing on one foot. I did it on this one, and the belt became horribly unbalanced, slid all the way to one side, and ground a small divot into the plastic of the side rail before I could get it to stop. It took about 20 minutes of careful adjustment with the included allen key to get it to run normally again. This is likely user error, but be aware that the belt assembly is more delicate than your average, more durable treadmill, as I've never had this issue on ""real"" treadmills. I would recommend always using its ramp-up and ramp-down functions instead of jumping on or off at speed to avoid this. There are good tutorials online for tightening and balancing a treadmill belt.Safety concern: The manual mentions a magnetic safety key, but my model does not seem to have one, and runs normally without any kind of key. As I don't plan on going higher than 3.5mph, and as it is very close to the ground, this does not concern me a ton, but it is something to consider. There do not appear to be any other safety features, other than the physical guards and warning labels.App: I haven't used it aside from testing the direct treadmill control functions. It did connect easily to the treadmill via bluetooth/wifi, and the controls from your phone do seem to work, which is great to have in case I lose the remote. The little virtual running game does seem functional, though I'm not particularly interested in the social media or monetization aspect of it.","Reviewed in the United States December 16, 2024",AF4UY3BRMLWMMDTBHCGMCZXEQR3Q,True,From the United States,Style: 06-Black-90cm,B0DD3VT6D2,2.0
R2TYMONS7VVA9Q,"Wow, it's perfect!",grandma of 15,5,"Like how easy it rolls around the house, you can walk run while using your arms for extra cardio, easy to read how many miles and the speed you're going. I am 5"" 4"" 1/2 67 years old, weigh 160 Lbs. Love how it's marked with yellow stickers on each side to keep your feet where they should be so not to worry about falling off the end. The price is great!","Reviewed in the United States December 16, 2024",AG4XJLUAS2VPZA7G6FLW4SHH5TDA,True,From the United States,Style: 06-Gray-90cm,B0DD3VT6D2,1.0
R35N5ZG3SAJ98P,Great product!,Dawn Hunsberger,5,"This is a fantastic product to finish getting your steps while watching your favorite show. It‚Äôs easy to pick up and move to another part of the house. Use of the product is self explanatory which is great. You can definitely get your heart rate up on it, although I haven‚Äôt tried anything faster than a brisk walk. Don‚Äôt take the calorie burn numbers seriously as they are much higher than actual calorie burn but otherwise it‚Äôs a great product.","Reviewed in the United States December 12, 2024",AHAY2ARYMMYV3VFX2GPGGJ5Y6H7Q,True,From the United States,Style: 06-Gose golden-80,B0DD3VT6D2,
R1CJ70Z4V7W5DT,Works Amazing!,Grace Rodriguez,5,I have used this product for three days. It was a heavy lift up three flights of stairs but it was worth it. The machine works well from the slowest to highest speed. The only qualm I have is that the remote sometimes doesn't work and you need to turn on and off the machine.,"Reviewed in the United States December 12, 2024",AGXX376QMWBSVOWUDPCCXUXWRZ3Q,True,From the United States,Style: 06-Gray-90cm,B0DD3VT6D2,
R1EHP2GBH3BZ4I,Great Product!,efm,5,"This is a great walking pad that goes fast enough to get me moving, but not so fast that it isn't safe without hand rails. The customer service has been great, too, and supported me when my remote to the pad needed to be replaced.","Reviewed in the United States December 10, 2024",AGYLKJWNPHAQD5QVJRSY27GQGABQ,False,From the United States,Style: 05-Mini-Black-80cm,B0DD3VT6D2,
R2WR6MBYD00655,Good,jacque,5,Love it,"Reviewed in the United States December 10, 2024",AH74KGUTVG4ZIAIPBZEBI3CB5BVA,True,From the United States,Style: 05-Mini-Black-80cm,B0DD3VT6D2,
R2ALNLG2OY2GIG,Needs a handle,Pat,4,Hard to keep balance without something to hold onto,"Reviewed in the United States December 10, 2024",AHKQ2CYIOASL53QID7JY56IOXVVQ,True,From the United States,,B0DD3VT6D2,
RICGYNRKBXR5M,Works great,Jeramy,5,I got this for my wife‚Äôs early Christmas present and she uses it everyday and loves it,"Reviewed in the United States December 7, 2024",AEZVWKFLM2XDFL7U6SBTQSO6DXGQ,True,From the United States,Style: 06-Gray-90cm,B0DD3VT6D2,
R1N3DF2QCWSW8X,Impressed,Honest Review,5,I received this item about a week before the scheduled delivery so that was a pleasant surprise. I tested it out last night and used it again this morning after my workout at the gym and I have to say I‚Äôm super happy with this purchase. It arrived just in time as the weather has changed and it‚Äôs too cold to do my normal walk through the neighborhood in the morning. If there‚Äôs any changes I will come back to update my review but for now I‚Äôm very happy with my purchase!!,"Reviewed in the United States December 5, 2024",AFNZCHGJ5CTFWZ2XEKRY7R62QIMQ,True,From the United States,Style: 06-Gray-90cm,B0DD3VT6D2,
R12WB3VVRAV1JH,walking pad,Bonita,5,"i really love this. its a bit heavy to move around, it does not fit under my sofa so i leans it up against a wall when not using. i like the convience of not having to go outside in bad weather and i can still get in a bit of exercise. it comes completely assembled, just plug it in. i thought i would feel a bit disoriented without bars to hold onto, but i just walk slowly, at a pace i would normally walk. i like it a lot, wish i wouldve thought of this sooner i would be down a few pounds by now.","Reviewed in the United States December 3, 2024",AHAEYEJVCYJHBS4QADMOUGV4NC4A,True,From the United States,Style: 06-Gose golden-80,B0DD3VT6D2,
R1JA6C0AEV8SKH,Customer Service,CL,5,"I purchased my treadmill and used for a few months. I got an error code. I reached out to Customer Service. They responded back within a day. In the end, they replaced my treadmill. They were very helpful and corresponded throughout the replacement process.I use my treadmill everyday. It is quiet and easy to use. I am happy with my purchase and Customer Service.I would like to see them improve on the time feature. If you stop for a couple of minutes, the clock restarts.Definitely a great buy for the money.","Reviewed in the United States December 2, 2024",AHJQWFAPMMX7AJ3TJGVM3UO4HNFQ,True,From the United States,,B0DD3VT6D2,
R15S506BZC03PA,Cute and does what I need!,Myra Hicks,5,"It‚Äôs perfect to have in the corner of the office. When turned on it beeps loud and the motor is just a soft hum, not loud at all. When you walk on it is when it‚Äôs a bit louder (just from the belt rubbing against the tread as you step) and could bother other people around if you work in a space with others. I keep mine in an empty space currently with the door closed and no one can hear me walking on it only the beeps when you turn it off. Easy to use too. You only need to plug it in, flip the on/off switch in the front. It comes with a remote that I think it‚Äôs really neat and an extra battery. It also comes with a bolt tightening tool and lubricant for the belt. It‚Äôs built sturdy and has wheels. I really like it and it‚Äôs not too big, it‚Äôs a decent size if you don‚Äôt have a wide walk. So for most men it might be a bit narrow. So far it functions nicely and I believe it‚Äôll last a while.","Reviewed in the United States November 26, 2024",AEFFKRZTCYPQLX4R3BSBVIEBJI3A,True,From the United States,Style: 05-Black-90cm,B0DD3VT6D2,5.0
R3N33B99983G1C,Be sure to fix the belt alignment,Natasha Noire,4,"Latest update: It‚Äôs back to working. Not sure why the tool wasn‚Äôt working for me before but it is now. I haven‚Äôt had to adjust the belt quite as often. Maybe I‚Äôve lost a few pounds (not from the device) so it stopped sliding as much without the pressure.Edited again: Back to the belt sliding and this time, the tool to adjust it isn‚Äôt working. It doesn‚Äôt turn enough to adjust it. I‚Äôll keep you updated.Edited review: I used this walking pad 4 times before the belt slipped. They send a tool to align it. It took some work around to get it right but the Universe delivered because now it‚Äôs where I need it to be. It‚Äôs still not as stable as I would like but it works well enough to get the job done. Good value for the money I spent.I do wish the remote control had a pause button but maybe I missed that somewhere. Because I have to stop it every time, it starts the count over, but maybe the app fixes that. I didn‚Äôt download it. I like that the remote has a handle to keep around the wrist. Easy to use. I love that I didn‚Äôt have to put anything together. It was ready to use straight out the box.","Reviewed in the United States November 26, 2024",AHFTEV4YDVYBQAMDBTYL5EU522VA,True,From the United States,Style: 05-Black-90cm,B0DD3VT6D2,5.0
R1UI4L2K81DAP0,The belt won‚Äôt stay in line,Katharine,1,"I took the item out of the box, followed the instructions, and now the belt won‚Äôt stay in line properly. So I readjusted it as the instructions say, and the belt has shifted completely over and got stuck under the plastic. I got to use it all of 15 mins, before it has become unfixable.","Reviewed in the United States November 23, 2024",AGTKN4NRDQZYQKCBEYZB4VA4XMUQ,True,From the United States,Style: 05-Black-90cm,B0DD3VT6D2,6.0
R2AYCV0CFQ874T,Great treadmill!,Jules,5,"This has worked great so far! I have this in my carpeted office and I put it on a yoga mat so it can easily slide under the daybed in the room. It‚Äôs heavy, but it‚Äôs been easier to slide under the bed vs rolling it. The only problem I have with it is you have to concentrate while walking on it and your foot placement or else you can accidentally step off of it - which I have done numerous times ü§£. I have a treadmill with the bar, but it‚Äôs older and too noisy and I don‚Äôt have enough room for it. This one is quiet and easily hidden while not in use!","Reviewed in the United States November 20, 2024",AFGAJ5AHSPHV26CUDC5MCVV5KGFQ,True,From the United States,,B0DD3VT6D2,
R10UHCDUVS1V3J,Great at home machine,Rebekah,5,"Easy to use, easy to move.","Reviewed in the United States November 11, 2024",AG7XH3QPPWQ6P4OBYO4SPOQ6BAEQ,True,From the United States,,B0DD3VT6D2,
R274LLR0T4QCB2,Go to walking pad,BUM G Family,4,"Get great workouts anywhere in the house with this walking pad. It‚Äôs quiet. You can work,run,walk,or dance walk as I love doing. Elevated the daily movement goals. Lightweight, easy to move around.","Reviewed in the United States November 10, 2024",AEW4QKD72NADC73QJN4D73SUXBKQ,True,From the United States,Style: 05-Black-90cm,B0DD3VT6D2,5.0
R1NV2VR7VZCJBL,Love this walking pad,Amazon Customer,5,"I bought this about 3 months ago and I love it! I use it every working day at the beginning of my work day and have easily put 100 miles on it already. It is easy to adjust and move around. Two recommendations for the manufacturer would be to make the time/distance a stored memory function, especially when pausing (it just starts you over at 0 time/0 miles) and to allow the user to turn off the sound on start up. I do use this on the second floor of my house, and no complaints on the sound of the treadmill itself during use.","Reviewed in the United States November 9, 2024",AFXZTHGM4KH3XP5POQL74SUO5LCA,True,From the United States,Style: 05-Mini-Black-80cm,B0DD3VT6D2,2.0
R3AUNRYOMOZBYZ,Even better than expected,DKL81,5,"There are a million of these low price walking treadmills online. They all look basically the same to me. I assumed they‚Äôre all cheaply made. But rolled dice on this one. And it‚Äôs great. Higher quality, more solid/heavy, quiet, etc. than I expected.","Reviewed in the United States November 8, 2024",AG763KS4V3WEMGXP4TK2YGWHUNWQ,True,From the United States,Style: 06-Black-90cm,B0DD3VT6D2,10.0
RDSKTX9PP16AZ,Very quiet,KBarnes,5,It‚Äôs very quiet and works well. If I had anything negative to say-it would be that it would be nice to have it a little wider. I have to really pay attention to what I‚Äôm doing. I got sucked into a tv show and actually fell/stepped off of it lol But for the price and all the other features-it‚Äôs a great machine and would buy it again.,"Reviewed in the United States November 7, 2024",AH6D6JXQS6BRBJBXY52X2V2VSW5A,True,From the United States,,B0DD3VT6D2,
R10FGWMGAIK3KP,"So far, it‚Äôs great",Jennifer Trimbee,5,"Really impressed with the quality for the price, but I‚Äôve only had it for a few hours. Will update when I have a better idea about it‚Äôs durability, but I am very happy for far.","Reviewed in the United States November 5, 2024",AESKPQI5V6PTBFDPRHZYTCDSLRQQ,True,From the United States,Style: 06-Gray-90cm,B0DD3VT6D2,2.0
R1GREJH6HLASY7,It‚Äôs well made.,Sue,5,It‚Äôs quiet and easy to move to different places in my room. I like the slightly longer one.,"Reviewed in the United States October 15, 2024",AFN4V36SD4USNRZJK4Q335KEDHCQ,True,From the United States,Style: 05-Mini-Black-80cm,B0DD3VT6D2,
R2VS62A1LDUWM,Fantastic for Staying Active!,Ira Cornell Taylor,5,"I didn‚Äôt want a large piece of equipment, just something to help me stay active, and this walking pad is exactly what I needed! It rolls under the bed easily when we have company, but I use it in the living room while I‚Äôm cooking. It has all the features I need without being overwhelming. So glad I decided to buy this!","Reviewed in the United States October 14, 2024",AGYAMMRY24N6AQWWMCUZR7IQ6NAQ,False,From the United States,Style: 06-Gray-90cm,B0DD3VT6D2,2.0
RKAR28EJVCK8O,Honest review: Overall good for the price,Toni,4,"One thing I wish I noticed before purchasing: It doesn‚Äôt incline!If I had known, I probably would have picked a different model, but despite that, I still use and love it.P R I C E / V A L U EThe price makes it worth tolerating some of the negative issues I mention below like the sound, lack of incline, and the stats resetting.S P E E DI typically walk at 2.8 mph or lower, so the max speed isn‚Äôt an issue for me. It‚Äôs perfect for casual walking while working or watching TV.L E N G T HAt 5‚Äô2‚Äù, the length of the walking pad is just right for me, but my 6‚Äô2‚Äù friend said it feels a bit short for his stride. So, if you‚Äôre taller, this could be something to consider.Q U A L I T YThe walking pad feels sturdy overall, and I appreciate that it was ready to use right out of the box‚Äîno assembly required. However, sometimes it glitches if I press the start button too quickly, and I have to restart it.A C C E S S I B I L I T YMoving it around is a bit of a hassle. While it‚Äôs not overly difficult, I frequently switch between walking and sitting while working, and I wish there was an easier way to move it. Also, I don‚Äôt have a convenient place to hide it, so it stays out in the open when not in use.S A F E T YThere‚Äôs no emergency stop feature, and the sides of the pad are small, so if I need to take a quick break, I either have to jump off or turn it off completely, which can be inconvenient.S T A T SEDIT: to Pause this machine you have to HOLD the pause button and it keeps your stats![Another annoying thing is that the stats reset when you hit pause, so your time and distance disappear. It would be nice to pause it for a quick break and pick up where I left off. But it‚Äôs not a dealbreaker.]S O U N DIt‚Äôs loud when you turn it on, and the beeping every time you increase or decrease the speed is pretty annoying. I hate the startup sound, but it‚Äôs not horrible‚Äîjust one of those things you put up with.T A K E A W A YBecause of the price, I tolerate the negatives. I honestly love how easy it is to get my steps in, especially living in Arizona, where it‚Äôs too hot to walk outside most of the year.Would I buy it again? Maybe. Probably not this exact model, as I would prefer one with an incline, but that‚Äôs on me for not noticing that part. When I was shopping for a walking pad, it was overwhelming, and there were a lot of options available. My main concern was how it would feel while walking on it, and it‚Äôs sturdy so overall I‚Äôm happy with my purchase.","Reviewed in the United States October 11, 2024",AFOPMBD2ZTSPUBRU7U552BSL57PA,True,From the United States,,B0DD3VT6D2,12.0
R1HSVGKR91E4TS,easy work out walking pad,Phill,3,"we got it for 2 weeks.Pros: price is affordable. easy to move around. small but good enough for easy walk. easy to assemble.Cons: it's not so loud with acceptable noise volume. However, it could be better for the noise control. the belt has been off track several times and I have to adjust it. the plastic is kind of cheap and fragile making it easily break apart.talked to the customer services and they are nice and quick to solve the problem.","Reviewed in the United States April 7, 2025",AHSHYF7SIGTPELF7MMPTRTSMCHLQ,True,From the United States,,B0DPLTD9VL,
R2K7JHMFK802FU,Poorly made,Natalya Shcherbak,1,"Poor quality, no good","Reviewed in the United States April 7, 2025",AH3JTTM4X6ST7CPIWZPY2JGZ24BA,False,From the United States,,B0DPLTD9VL,
R1XSA906FPYWR3,Safety issues.,Jewille Smith,3,It's quite narrow so I lost my balance on it and almost fell several times. There are two metal pieces at the end on both sides that almost injured my feet each time I used it. The only things I like about it is the display and remote control.,"Reviewed in the United States April 7, 2025",AFHMYZ544BKATLVB756NSHI2TAVQ,True,From the United States,,B0DPLTD9VL,
R2ZFFYF8TFM2UF,Comprenla no se van arepentir,Vickiana ramos,5,10/10,"Reviewed in the United States April 6, 2025",AHMPBN6WOVE5S6DIOV464KRYKNOA,True,From the United States,,B0DPLTD9VL,
RCHQYHFWDMJTT,My machine doesn‚Äôt have bars with it to hold on to,Sandy Armstrong,4,It didn‚Äôt have the bars with it,"Reviewed in the United States April 3, 2025",AFCTTQZSRWOH4LCRPPCLIEGAMJLQ,True,From the United States,,B0DPLTD9VL,
R256JLTA5LNELH,Very good üòå,ghada,5,It‚Äôs for my son he‚Äôs using it every day I guess he‚Äôs enjoying using it,"Reviewed in the United States April 3, 2025",AFIYBYFNFRRZ55V2QX6XNQTJMUOQ,True,From the United States,,B0DPLTD9VL,
R297VHV8IE3NIO,Whining noise within 5 uses....,Yara,2,I've used this walking pad maybe 5 times and it's already making some god awful noise. I'm nowhere near too heavy for this thing. I'm disappointed because I really looked forward to walking indoors. unfortunately I fear this one will not deliver.,"Reviewed in the United States April 2, 2025",AFNKGPLR5FTOBROR4WBJDGJURXBQ,True,From the United States,,B0DPLTD9VL,
R10DFYGJ9ZGLH5,Portable treadmill,Paula Nohelia P√©rez,1,"It is a treadmill, it is very nice for exercises and losing weight, my good for walking, we can all use it","Reviewed in the United States April 2, 2025",AFHAZFQ5PIFXWSKZGTPGZSH7E4PA,True,From the United States,,B0DPLTD9VL,
R9NVQ7HMG9AN9,Not a good purchase,marlena,1,Get a different one. This one makes too much noise and the belt went to one side within the first 5 minutes.,"Reviewed in the United States March 31, 2025",AE2ZAIP5JJFPF4PA6A6O5QSD4DKQ,True,From the United States,,B0DPLTD9VL,
R3FEHJEJ5NUPKZ,Horrible product!,alexea9008,1,"The belt on this is super narrow, and the product looked like it had been used! The weight limit is also on the lower end, but I didn‚Äôt see that anywhere in the listing. Awful product, really unhappy with it and I will be returning asap.","Reviewed in the United States March 31, 2025",AFOR74SENH5YXCZA3XQ64PYGWY5A,True,From the United States,,B0DPLTD9VL,1.0
R3BVJFCXYZK3HQ,Unstable and Unresponsive: A Walking Pad Disappointment,Amazon User.,1,"I am disappointed with this walking pad for my home office. It felt unstable and wobbly on my carpet, and the remote control often didn‚Äôt respond properly. The LED display was dim and hard to read, while the treadmill was noisier than expected. Overall, it didn‚Äôt meet my expectations as a portable and convenient exercise machine.","Reviewed in the United States March 30, 2025",AHCMJPCL4WAG2SZ6WO4GPNTHIO3Q,True,From the United States,,B0DPLTD9VL,2.0
R1TPOSTCMF32X6,I‚Äôm satisfied!,Em,5,"Came earlier than expected, works great. I ended up looking at a video on YouTube in order to set it up and it was super simple. I searched ‚Äúyagud walking pad setup‚Äù and easily found several people‚Äôs videos reviewing the walking pad. It‚Äôs heavier than I thought it would be, not flimsy or cheap feeling. I am over 200 pounds and it holds me just fine. It‚Äôs super quiet and easily stores under my couch. Overall very happy with this!","Reviewed in the United States March 30, 2025",AEVMYZQ76OUBCJKYJH4VDMY2YLZA,True,From the United States,,B0DPLTD9VL,6.0
R1Q43VU0JACHAB,"Amazing workout tool , Real walking results . Easy to operate , compact yet powerful",Sid,5,"Amazing workout tool , Real walking resultsEasy to operate , compact yet powerfulSafe and handy . Must have equipment at homeI have started seeing results alreadyAffordable & Great product !!!","Reviewed in the United States March 29, 2025",AHVHCP4QYFJ4LOILTM6CNY6TGM2Q,True,From the United States,,B0DPLTD9VL,2.0
R3L1A8TJD73POE,Very easy to move!,Brianna Jones,5,Customer service is very quick! Can‚Äôt wait to use the walking pad!,"Reviewed in the United States March 29, 2025",AHRQJBPFX2CVGPHMUQV3MFHSFFPQ,True,From the United States,,B0DPLTD9VL,
RRJICKOU8SOL9,Best shipping,Shameria Mcshan,5,I love this it came so fast I just ordered it and it was at my door a few days later .,"Reviewed in the United States March 29, 2025",AEBGVWTWWYHG22CX55NL3OXOGIHA,True,From the United States,,B0DPLTD9VL,
RC4M1R8IWN8YU,"Great price, perfect size",Siestagirl,4,"4 stars! Short power cord and some grumbling feeling when I walk on it but its relatively quiet. It takes a lot of balance so keep a chair next to you if needed. Dont be looking at your phone while walking on it or you will fall. I easily walked 30 min, got my rhythm ok. I plan to use it up to an hour daily while watching tv to lose 10lbs or so. Glad I bought it. Remote comes with battery in it plus a spare. Box was heavier than I thought but I was able to lift it. Use a utility knife to cut the tape marks on box and styrofoam. Plug it in, turn red button on in back. Turn remote on. I am only walking at 2.4 mph at first but it goes to 3.8 mph.","Reviewed in the United States March 26, 2025",AEYQYVDJFK6RA7YSW7H6IWFIIWDA,True,From the United States,,B0DPLTD9VL,3.0
RLFDWMYOAE42H,Quality TBD,Avid Hiker,4,"Came cracked out of the box, though I suspect this was more of a delivery issue. It's got some weight to it (at least 30lb?) but still portable. The power chord is rather short 2.5ft, so a grounded extension cord is needed. Will use this during my zoom meeting for the next 2hr and provide further updates with more use down the line.","Reviewed in the United States March 26, 2025",AGYUQCAKBM4RNZX4VZSWBYLXXJRQ,True,From the United States,,B0DPLTD9VL,5.0
RVXHW1GAVKLDM,Wouldn‚Äôt recommend,Lisette,1,"Product came with the belt shifted all the way to the left, soon as I powered on it started tearing at the side of the belt. Now I finally got it centered but it will not move with me on it. Very frustrating and a total waste of money.","Reviewed in the United States March 25, 2025",AHLEBQ2LD2NYFYI37DTKWY3STJ5Q,True,From the United States,,B0DPLTD9VL,1.0
R2Y9U1CW05OV36,Arrived broken... TWICE,Nykaba,1,"I recieved this item and a piece had broken off of it in the box. It did not effect how it worked but I feel like for the price, I should recieve an item that it not broken. Unfortunately, I reordered it and it came broken again! It looks like I was given one that was repackaged after a return. Save the headache and buy a different brand.","Reviewed in the United States March 25, 2025",AFPTQA4XJGD4OSVPDP5HK3FQCMFA,True,From the United States,,B0DPLTD9VL,2.0
R2RE96PCVXAASE,"Solid, eazy walking any time...",Occam's Razor,5,"I got one of these under 100 bucks, it's works great, 20 minutes can walk 2 1/2 football fields in distance. I actually slide it in between the legs of my workout tower, it fits perfectly...","Reviewed in the United States March 24, 2025",AHHW5TWHRGZ2Q2BXHMHDTIFQ3FEQ,False,From the United States,,B0DPLTD9VL,1.0
R15PPKHJIN2ZGU,Walking pad,CC,4,"The media could not be loaded. I‚Äôm pretty happy with this walking pad. Since starting a sedentary job and starting to have kids, I‚Äôve gained a lot of weight and I just don‚Äôt have the energy to do anything. I work from home 3 days a week and bought a standing desk to help reduce my sedentary job, but it didn‚Äôt seem to do much. I got this walking pad and have been using it for a few months and while I haven‚Äôt lost much weight, I feel better and I can tell it‚Äôs made a difference. I‚Äôm able to walk about 5 miles during the day while I‚Äôm working. This is a huge increase from the zero I was doing before.On to the specific pad. This pad seems to be quieter than the few I‚Äôve seen. I‚Äôm about 225 pounds and a couple others I tried out were pretty loud every time you stepped on it. The plastic pieces would creak and kind of grind and this one doesn‚Äôt do that. The motor itself is fairly quiet, but on par with others I tried. Its not quiet enough to do while on the phone h less you had a really effective noise canceling headset.The instructions are pretty clear and it comes with a bottle of oil to lubricate it. It also tells you how to adjust the pad if it slides off at all. My floor is actually slightly slanted (120 yr old house) and the belt does get slightly off because of this. It‚Äôs super easy to fix.I‚Äôve seen some of these where they fold or roll out of the way easily and this doesn‚Äôt do that, but I never expected it to.It has both count down and count up features, which is. Ice. The remote it comes with works perfectly and I haven‚Äôt had any problems with it. The pad only goes to 3.8 which I‚Äôm guessing was determined to be the fastest speed while still being safe. I wish if went a hair faster, but I‚Äôd rarely use it that fast, so it‚Äôs not a big deal.It fits perfectly under my desk and I‚Äôm thrilled to be able to use it while I work.","Reviewed in the United States March 22, 2025",AFTIJKX6PMHWBJHE2YJEMMGITQYA,False,From the United States,,B0DPLTD9VL,9.0
R3B4T2C9XQ8SB9,Stop looking...,Joe Peepos,5,"Great treadmill and great price. Worth full 5 stars for the following:Purchased 3/21/25 for delivery on 3/26, but delivered 3/22.Took longer getting out of box than setting up for first time use.Instructions are clear and simple.Works great.You can stop looking.","Reviewed in the United States March 22, 2025",AEK6UXRYYRHHBXELQUFDN3O5AK4Q,True,From the United States,,B0DPLTD9VL,6.0
R2QWAHCB2EIAZ4,Muy bueno,Omayra Rivera,5,Excelente compra,"Reviewed in the United States March 22, 2025",AEVVG6HXPCU3PP52JD5QSPJ7C6TQ,True,From the United States,,B0DPLTD9VL,
R64EU2KL1OA0S,Get healthy,Michelle,5,"The media could not be loaded. Leaves no marks on the floor, easy set up. Nice speed. Priced right.","Reviewed in the United States March 19, 2025",AGUKRIKJJF2NZZHROM5SLXEWZGCA,True,From the United States,,B0DPLTD9VL,7.0
R11EEJ0FPMK03G,Yagud,Lady Tee,5,Easy to use. Easy storage.,"Reviewed in the United States March 17, 2025",AFV2BK5AMVGJYMNE7R7JINBKCKEQ,True,From the United States,,B0DPLTD9VL,
R1MYWIJV54ZXQJ,Simple but practical.,Gerardo Martinez,5,"It is very simple but strong construction. If you are good with your body balance, you don't need any attachments. Remote control for speed change. Never ever use it barefoot. The toes can be tucked into the back. There is no angle change. It works for me. this is a good quality item. I recommend this item.","Reviewed in the United States March 16, 2025",AGACU7BJ64BRV3XNR4WJUTAMEVZA,True,From the United States,,B0DPLTD9VL,2.0
R3SFJUMOYTBF6V,Walking treadmill,Wendy S.,5,Well made! I‚Äôm happy with it‚Ä¶,"Reviewed in the United States March 12, 2025",AHH62SKFIYIHSBMBA2KTT3B6FAYA,True,From the United States,,B0DPLTD9VL,
R1YD9N7RLOKX40,pretty good üëç,Olivia Marcella Stewart,5,I just started using it and it‚Äôs good and better than what I expected but it makes slightly a noise when you walk,"Reviewed in the United States March 12, 2025",AEFD34E3RRK5D6OKQXRG24HQAFFQ,True,From the United States,,B0DPLTD9VL,
RGFGDSRJD6OQS,Works well for walking,Jennifer Murphy,5,Great working extra treadmill for my office/desk use. Easy to set up and easy to move.,"Reviewed in the United States March 11, 2025",AEIVGDV6VIOGNB4LDDVIF4N6RSCQ,True,From the United States,,B0DPLTD9VL,
RA2EZ4JONDYOG,10/10,Mick R,5,Works amazing and easy to use. pretty quiet for a walking pad too.,"Reviewed in the United States March 11, 2025",AFNRVBAF67T6QBZYNZHPH6K3G37Q,False,From the United States,,B0DPLTD9VL,
RE312PZJJOCCT,Simply instruction,"Darlita ,Berry",1,Can't get it to cut on not simply instruction,"Reviewed in the United States March 7, 2025",AE46PVOJUJX6AADU2AFQNYQNOCJA,True,From the United States,,B0DPLTD9VL,1.0
R9YHTCNRIW2K1,Super,sai sairam,5,Awesome,"Reviewed in the United States March 6, 2025",AEXUHQSMDDNBTFJR7PWOX2ABJPBQ,True,From the United States,,B0DPLTD9VL,
R1UZF6D4M7V0KE,Quality,linda crowell,5,Use it every day. Made really well. Didn‚Äôt have to put together. Instructions on use are simple.,"Reviewed in the United States March 6, 2025",AGUK6L2OWNNZ7GZSDOH7P3E4EAQA,True,From the United States,,B0DPLTD9VL,
R12RA995JADPPI,Not made well,DJ Houston,2,"I bought this walking pad a few months ago and it works fine. However, after using it regularly for a month or so, it started making loud creaking sounds, like it‚Äôs about to fall apart. Doesn‚Äôt seem to be made very well and I‚Äôm anticipating having to buy a new one soon.","Reviewed in the United States March 5, 2025",AHHWVSN3MYFS42KJ3ZMHXU3X37HA,True,From the United States,,B0DPLTD9VL,1.0
R1STY9HSEC1BK0,True to size,Melanie,4,It‚Äôs good however the oil ruptured during the shopping. So now I have no oil.,"Reviewed in the United States March 3, 2025",AF46FTQQ5WJ4QNG6VJLFANOKJ7GA,True,From the United States,,B0DPLTD9VL,1.0
R3CPSOGNXUGYCK,Works!,Jules,5,Awesome for helping me meet step goal every day,"Reviewed in the United States March 3, 2025",AEDFZZQ5CZBRB3R642XTRSKUAZLA,True,From the United States,,B0DPLTD9VL,
R20GKVSTWIHYU0,Awesome walking pad !!,cathye,5,"I bought this walking pad to extend cardiac rehab (slow and steady) at home after suffering a heart attack during winter. I researched several before buying this one. The quality is very good. It counts up before starting and counts down before stopping, it has a pause feature and also uses a remote. I like that it fits under my bed when not being used and I personally do not have trouble storing it although it may be harder for an elderly person. Overall, I‚Äôm really impressed with this item and would buy it again.","Reviewed in the United States March 1, 2025",AH67YMX54CHDBHJZEYYSAFK3SSUQ,True,From the United States,,B0DPLTD9VL,9.0
R2JM3H4KAJCMAE,Great for sit to stand desk! (in standing position of course!),James Richters,5,"I have been completely overwhelmed with a gigantic project for the last 3 years. It's an extremely complex project that requires me to be on my computer all day every day for long hours, 7 days a week. Needless to say, I've put on more pounds that I would have liked... it just doesn't help that the only walking I was doing was to walk to the refrigerator and back to my desk. I got a sit to stand desk so at least I could get out of the chair and stand for a while, and that did help a lot, but I still just found it nearly impossible to take the time out to go for a real walk... so I got this, specifically so I could walk while working on my project. I find that under my desk in standing position, it works pretty well, I would not recommend it just in the middle of a room without a desk, because you have nothing to hold onto for balance... this is really only meant to be under a standing desk because it has no handrails. It is easy to put in place and to roll away to a corner when I need to sit for a while. I use it as much as I can, but to be honest, it's difficult to work on certain aspects of my project while walking, it's not the device, it's just a matter of being able to operate my computer while walking... I cannot type hardly at all while walking, and for my CAD designs and solid models, they require precision mouse usage, and even though I have a professional trackball that is very precise, if I am walking, it's hard to make it track correctly. There are some tasks I can do while walking, like checking emails, searching for and purchasing supplies and materials on Amazon, or generating invoices for customers... stuff that doesn't take any extensive typing or precision mouse movements... so I do get some use out of it... and it actually keeps me on task a little better because if I set up this treadmill, then I want to get all those things done while it's set up, because I know once I go back to the more critical tasks, I won't be able to use it... so it prevents me from flip-flopping between tasks as I need to set it up and put it away.","Reviewed in the United States February 28, 2025",AHUE2ALXOQYZXOVHFG2ZRPH3K5SA,False,From the United States,,B0DPLTD9VL,
R3M6DTN8L6GNU0,Lifetime of Pad,Richie Perry,4,"So i got this around august of 2024. I use mine pretty heavily, almost daily for an hour. Here I am 6 months later and I think the pad is failing me. I have maintained it pretty well, but have probably hit 280+ miles on it, and I think the motor is now faulty.Doesn‚Äôt look like they have customer service or technicians readily available in NYC, but I can‚Äôt complain too much.","Reviewed in the United States February 27, 2025",AFQSMRNNFBV4QD2F2NSITH7KBIGQ,False,From the United States,,B0DPLTD9VL,
R3VZDXZDBCUEHT,Belt keeps slipping NO CUSTOMER SERVICE,Sue S,1,This product is not working. The belt keeps slipping to the right or left and needs to constantly be readjusted. I tried to reach out to the company there is a phone number that is not operable and the option to message is also not working. I certainly wasted money on this one. It's a good thing it's no longer available,"Reviewed in the United States February 26, 2025",AFFVWVFA3ETI46W4NYEOWAHUQ5IA,False,From the United States,,B0DPLTD9VL,1.0
R3R3ECPTVFYY55,the size of this walking pad is a tad small for my big feet,zach sodano,1,the size of this walking pad is a little small for me. i have a size 11 foot so its kinda big and after a few steps i almost fall off the thing. the remote seems a little cheap. it was very easy to set up but im looking for one that is a little bit more heavy duty. the belt seems ok but it moves alot when you are walking. overall its ok but i would say look for a more durable bigger one,"Reviewed in the United States February 21, 2025",AG6FY6CKPOXY3ZQUN7JEMEDCPDRA,True,From the United States,,B0DPLTD9VL,1.0
R1SGI4AXG7CDYK,Everyday workout,joyce riley,5,"I am 76 years old and an elected village official. I had been going to work every day and not getting any exercise. A friend talked to me about a walking pad she got. I started checking them out on Amazon. I decided on this one because it had features I liked such as time, distance, calories and speed and they were all remotely controlled.Set up was a breeze Out of the box and ready to use. It is in my office. I also purchased a raised desk to go with it! This allows me to work and exercise daily without excuses!","Reviewed in the United States February 20, 2025",AHMAZ2YMSYGMA75WLOFZWSQHXHIA,True,From the United States,,B0DPLTD9VL,14.0
R2F4BDWB541X1K,Great producy!,Amazon Customer,5,I love this walking pad! I have had it for 3 weeks and I use M-F at work. It fits great under my desk and I can roll it away easily. It is quiet and I love that I can walk and get my work done at the same time now!,"Reviewed in the United States February 20, 2025",AHABFVDYQZQSSJO6F7NJGM53EUJA,True,From the United States,,B0DPLTD9VL,
R2MC5Z2KUXRHGA,Perfect!!,Brian Lera,5,"I love it!! It's absolutely perfect for our home. I like that it fits nicely in a corner or under the bed or in a closet to put away. It isn't too heavy and has wheels to move it easier. I like the remote with it and that you can change it so easy. It is great for helping you get those steps in, when you are stuck inside. Would highly recommend!!","Reviewed in the United States February 20, 2025",AG5DES2UBBZ66INRU4XBBCMTGHNA,False,From the United States,,B0DPLTD9VL,
RD3OTR85VJ6YD,Great quality for price,Lori R.,4,Light weight and efficient. This gets the job done. The remote works well and the belt adjusts speeds quickly and easily. I wish the wheels were a little larger in order to move it easier from room to room. Overall a great walking pad for the price.,"Reviewed in the United States February 19, 2025",AEXEGSVNNHN3E2RSMPCI4WF7ARFA,True,From the United States,,B0DPLTD9VL,
R3CB4SGFSJBPCJ,Great value!,Amazon Customer,5,Been using this walking pad for over a month now. It‚Äôs easy to use and I like that I can slide it back under my bed when I am done using it. Space saving and gets the job done of walking no matter what the weather is like outside. Great value for the price!,"Reviewed in the United States February 18, 2025",AHQTUEGRMSYGXUJ5DBGFSDSXZSHQ,True,From the United States,,B0DPLTD9VL,2.0
R2409OBMN70LIN,Easy to use,Yanins,4,Easy to use and setup walking pad. It has a lot of settings which you can choose depends how you want to burn your calories. The remote that is included makes it easy to change the settings as well. Easy to stowaway. The only thing is it is a little bit heavy when you want to move it or keep it. But overall it is good for small spaces,"Reviewed in the United States February 18, 2025",AGONXAVEPM2P7JB6T7AJ7QD2IVQA,False,From the United States,,B0DPLTD9VL,
R1VBBPNJBOA4A1,Small but mighty!,suefly,4,"Bought for days when weather was inclement, but I like it anytime I have a few extra minutes. The size is great, as it fits snugly anywhere, and not a big space grabber.","Reviewed in the United States February 17, 2025",AHZDCJSYX6YXLNUE5SG2RWS4KATA,True,From the United States,,B0DPLTD9VL,
RGYV17AA5HQI1,GET IT,sue pulter,5,"I love this walking pad. It is so convent in size as it fits under my bed perfectly and all you have to do is plug it in, hit the switch, and click the remote. Easy way to get my steps in while watching TV at home. 10/10 recommend","Reviewed in the United States February 16, 2025",AE2BQG52JCM56PMUBDGTPWW34Q5Q,True,From the United States,,B0DPLTD9VL,
R3B8NUSKPMMWHS,Great item!,Kaylee Osterdyk,5,"The media could not be loaded. I really enjoyed this. Definitely a great motivation to keep walking every day. I just have mine stored in a closet and when I use it, I just pull it out. I love that it has wheels on it so it can just be rolled around instead of having to pick it up. I do weigh around 250 pounds and I feel like it‚Äôs still holds me really well and works perfectly.","Reviewed in the United States February 15, 2025",AFG6COC5GXMPTSOF7RXG46JSRHIQ,True,From the United States,,B0DPLTD9VL,7.0
R1CUIT9E9K3LBP,Es muy buena caminadora,Karen Przychodny,5,Me lleg√≥ con la pantalla rota pero decid√≠ quedarme con ella ya que funciona bien. Es muy buena caminadora cumple su objetivo. Es silenciosa.,"Reviewed in the United States February 14, 2025",AGUH2467QPZRTLUZUNAS7TFR3FHQ,False,From the United States,,B0DPLTD9VL,
R3KSLJFJK15NBO,Walking pad review,Patti,4,"My walking pad was delivered on time easy to set up easy to understand. I enjoy walking on it. It would be perfect if it had a guard rail, but I don‚Äôt need it right now, but I do enjoy walking on it.","Reviewed in the United States February 13, 2025",AGT3YJ6CCSRPEV2GE5CNV3NCI3YQ,False,From the United States,,B0DPLTD9VL,
R3FKM8TZRO0WF4,El producto est√° muy bueno,Susana Ivon Serret isquierdo,5,Tiene muy buena calidad y muy c√≥moda mi hijo tiene necesidades especiales y le ha ido muy bien con la caminadora,"Reviewed in the United States February 12, 2025",AHWJWUGAXE2BZACAWXWRYDPAVGWA,True,From the United States,,B0DPLTD9VL,
R1RVJTD8E1O92W,Great for an indoor workout,Lamont,4,"I got this because here it gets amazingly hot outside during the Summer and there is no way I will be exercising in that heat. I find that it it too long to fit under my desk, so it is off to the side against a wall. I find it easy to use with the remote, though that did take some getting used to. It works fine, mine is a little noisy, but that's to be expected.The only real negative that people should look out for is the fact that it is a walking pad, so it doesn't have a console upfront for you to lean on, or grab if you lose your balance. I would definitely think twice about getting this if you have balance issues or anything of that nature. If not, this is a good way to get your steps in at home.","Reviewed in the United States February 12, 2025",AEQC4V5ZDB7NGFCJUIM72B2PGCIA,False,From the United States,,B0DPLTD9VL,
R4LHUP2QZA6Q5,"Runs smoothly, fits neatly under the bed",SuzyCube,5,This works well and very smoothly. It conveniently fits nicely under the bed. It makes it much more motivating to exercise on cold or rainy days. I highly recommend it.,"Reviewed in the United States February 12, 2025",AF6NMSSAAZN4ZS74MOBHCHKC2GMA,False,From the United States,,B0DPLTD9VL,
R1K24VE7M7H13K,Great product,Madison Vaughn,5,"Great product. Lightweight, easy to move around. Really looking forward to incorporating this into my daily routine.","Reviewed in the United States February 12, 2025",AGIJOEGYP7QLUA764PPR5UWDQLXA,True,From the United States,,B0DPLTD9VL,
R1G4EATQ2F5KJ6,"Good quality, compact and easy to stowaway",shopper,5,Love this walking pad! It does not take up a lot of space in a small room and light enough to move. Could easily be stored under a bed if needed.Great for getting your steps indoors during the bitter cold winter. The remote is a plus. You can adjust the pace while using. Good quality for the price!,"Reviewed in the United States February 11, 2025",AGCAV7KTTQ2DIHRCH6XK6EZNWEOA,True,From the United States,,B0DPLTD9VL,2.0
R1IGB9PGMUJI2Y,Broke within a month,Amazon Customer,1,Broke within a month of semi daily use.,"Reviewed in the United States February 11, 2025",AHQ7M2AI4YCC3OI2AJXWLT2PFFQA,True,From the United States,,B0DPLTD9VL,
R3II04YPV8CQ4,"Easy to operate, works well",Carly,4,"Great for student who spends many hours at a desk. Ease of use, compact and light. Remote control makes it easy to operate while standing.","Reviewed in the United States February 11, 2025",AGUWXRDJYWLZMFURUQVJ72OFPEZA,True,From the United States,,B0DPLTD9VL,2.0
R2P972HQVEO7YP,Works very well,Jay,5,The product is quiet it runs smoothly and is a very good space saver. It has gotten a lot of use since we purchased it. Highly recommend for walking at home.,"Reviewed in the United States February 11, 2025",AEM7V756PJHOSPDESHLUK62BJ6ZA,True,From the United States,,B0DPLTD9VL,1.0
R28W68MSSK14FC,Great walking pad,Claudia Busby,5,For the price great walking pad. Easy to store. Easy to move. Remote works. Speed is good as well.,"Reviewed in the United States February 10, 2025",AF5YEGKIDYLNR3RCDU76UQNVATTQ,True,From the United States,,B0DPLTD9VL,
R17G202MZBA28X,Walking pad,Gemma Ryan,5,Works on small pile carpeting works great,"Reviewed in the United States February 9, 2025",AEDYEQDC5HN47IQBFOQTCYG5SACQ,True,From the United States,,B0DPLTD9VL,
R1M77UZUAYB114,Reasonably priced,Sue,5,I like that there was no assembly required along with its compact size in comparison to an actual treadmill. It can easily be stored if not in use. It is only a ‚Äúwalking pad‚Äù so the only negative aspect is it does not have handle bars to hold on to if needed for support when not using with a desk.,"Reviewed in the United States February 9, 2025",AGUMG3J7S7MP37U7SWVPHKUAOPIQ,True,From the United States,,B0DPLTD9VL,
R1AHQAV9OE5T7G,Great,Taylor Barron,5,Love this walking pad ! Came with a bunch of extra treadmill lubrication. I use it everyday and have had no issues.,"Reviewed in the United States February 8, 2025",AEBHRSXSIKAA3CWZCWBY55DJYP2Q,True,From the United States,,B0DPLTD9VL,
RNUOGBWJ4SX1T,Perfect for Home Office Workouts!,Cliente Kindle,5,"I‚Äôve been using the YAGUD Under Desk Treadmill for a few weeks now, and it has completely changed my work-from-home routine. It‚Äôs compact, quiet, and easy to use. The speed range is perfect for walking while working, and when I need a quick jog, it performs smoothly. The running belt feels sturdy and provides good cushioning, so my knees don‚Äôt hurt after long walks. Plus, the remote control makes adjusting the speed effortless. If you‚Äôre looking for a reliable walking pad to stay active while working, this is a great choice!","Reviewed in the United States February 7, 2025",AGPN33UZWYXO77LDCETRR2JQQBYQ,True,From the United States,,B0DPLTD9VL,12.0
R368JQMA2DLE2Z,Perfect size!,L Cofield Kramm,5,I love My new walking pad! I‚Äôve had many treadmills and I honestly do use them but I love that this doesn‚Äôt take up nearly the amount of space but does the exact same thing. Because it‚Äôs not huge I can also tuck it away & pull out in front of the tv easily!,"Reviewed in the United States February 7, 2025",AHTVFBINVP2N5IWJBVG4ZZYVCVTA,True,From the United States,,B0DPLTD9VL,1.0
R3BA5HI4QWNL9E,FALL RISK - belt is only 15 inches wide!!!,highlandmck,1,"BEWARE the belt is only 15 inches wide!!! The photo they show is completely deceptive - it looks huge - the woman in the photo must have been photoshopped in. The ad claims it's 19 inches wide but they're counting the width of the entire unit! I was doing sort of ok in bare feet or socks only, able to stay on -- but when I put sneakers on I was immediately thrown to the side twice in a row when my shoe went slightly off the belt. Thrown aside again on a third try before giving up. I was even using trekking poles for balance. It's a dangerous fall risk especially for an older person or weaker person who cannot risk a fall! And I can't walk or jog without wearing shoes due to needing arch support, it becomes very painful so I am going to need to return this.","Reviewed in the United States February 7, 2025",AGDT53GVJ5CON2WZOMSJF3RKMTEQ,False,From the United States,,B0DPLTD9VL,
R39EEYH1DFWM10,Get it Now,Earnisha Ware,5,This item works great!! It's very easy to turn on and the remote control is great to get the right speed you want. I use it everyday in the comfort of my home and I'm getting in shape doing it. I would say get this now it's definitely worth the money.,"Reviewed in the United States February 7, 2025",AF2JJYJPKCSLCCQOBRCKXRLYVM4A,True,From the United States,,B0DPLTD9VL,
R1H4Y4IYE7PB3Y,Absolutely useless. Avoid at all costs!,Marvel House,1,What a pile of crap. Rearranged my entire room to have a place to put this and it does nothing at all! Now the box is ruined and I have to find a way to ship it back?! What a waste of money and so much time! Don't buy this junk!,"Reviewed in the United States February 6, 2025",AE3ULYY43TNCPQATHKB3VYH6ZVDA,True,From the United States,,B0DPLTD9VL,
R1EWSDRPQ2G86Q,Waste of Money,AngelaB,1,"Don‚Äôt waste your money. This thing worked TWICE in the three days I‚Äôve had it. I tried pairing the remote as instructed in the manual. Did not work. Swapped the battery. That worked. Used it, shut it off. Tried using it the second day, nothing. Paired the remote yet again. Nothing. Swapped the battery back to the original one, that worked. Third day nothing worked. It powers on but the belt will not move. Attempted yet again to pair the remote, which you should never have to do more than once. Shocker, it did not work. Swapped the batteries multiple times. Still nothing. Nothing works on the remote. Buy something that is NOT run by a remote. Cheap piece of crap. If I could give it zero stars I would. I relied on other reviews before making my purchase too. I asked for a replacement. They said it would take 2.5 weeks to arrive. Crazy, considering my original purchase arrived in two days. I opted for a full refund. Just not worth the hassle. Buy a different brand, something made in the USA.","Reviewed in the United States February 6, 2025",AEAV35YEQMMLQHPXVWWQQCVHJ5SA,True,From the United States,,B0DPLTD9VL,5.0
R1BQRW98UOPJBW,great product ! great price!,Adyson,5,"We love this walking pad! Very sturdy, smooth walk and quiet! Super pleased","Reviewed in the United States February 5, 2025",AHSW4VH4ZTNLBD4AK6ECSF2CPGVA,True,From the United States,,B0DPLTD9VL,
RYCT9ZRQZYDEM,Highly recommend.,Pennie Burke,5,"Sturdy, and works well. Remote is easy to use. Good item for the price.","Reviewed in the United States February 4, 2025",AGHLRZYDEDPYTTMUZWN7CFUQWSCA,True,From the United States,,B0DPLTD9VL,
R3I14AIYB3QHKE,Great,Cameron,5,Awesome treadmill. Fits perfect in my living room which allows me to walk through a tv show. Well built and easy to move around.,"Reviewed in the United States February 4, 2025",AGICFE6QZJRKAHUJMMASLOMCZKEQ,True,From the United States,,B0DPLTD9VL,
R1ESGCNXJJ8Z96,Love it!,Jennifer,5,"I debated buying a walking pad for months. I finally bought this walking pad and I could not be happier. Well built and super quiet. It is also easy to move around. I have been using it while I work from home at a standing desk for about an hour each day. I wasn‚Äôt sure if I could work and walk at the same time, so I was surprised to find it actually helps me stay focused during conference calls. I‚Äôve even learned that I can type and walk! Love that this allows me to get in more steps during the day, although my watch doesn‚Äôt pick up on the steps. So, I track the time I spend ‚Äúindoor walking‚Äù as exercise on my watch.","Reviewed in the United States February 3, 2025",AG3GUM74QPROEG5NWXP2RLRXF4JQ,True,From the United States,,B0DPLTD9VL,1.0
R1KE0MV31CLPZN,Exercise while you work,Voidvz,5,"This under-desk treadmill is pretty light and easy to move, especially with the wheels. The remote is simple to use, and the max speed of 3.8 mph is perfect for a brisk walk. Great for getting steps in while working!Update: I really love how easy it is to move out of the way!","Reviewed in the United States February 3, 2025",AGHK6YJI6N6D6PH2C6EWZRPYPPMQ,True,From the United States,,B0DPLTD9VL,1.0
RGJIG5N82T5DO,Perfect way to start your health journey!!,Margaret Martinez,5,"This treadmill is so compact, lightweight, sleek, and the price point seems too good to be true. Im here to tell you its not!! Also I was worried about it holding my weight. I weigh over 250lbs and it holds me just fine. So just in case you were wondering!!! It's so easy to take out and store away. I can easily slide it from under my bed because of how light weight it is and easily slide it right back under . It's so compact it just fits right under no problem. Very easy to use. 10 out of 10 I would recommend!!","Reviewed in the United States February 2, 2025",AHCDVUKGTJDFSELBIZU3Z7UWQ3AQ,True,From the United States,,B0DPLTD9VL,43.0
R2IB6CE17H5CIJ,Worth it!,Pablo,5,Great product for its price. Light weight and not loud!,"Reviewed in the United States February 1, 2025",AFWG5PAUZBDUPEG3XQTR6KC7SYXA,False,From the United States,,B0DPLTD9VL,
R2U9ZQPPRMZQA6,Great product,Ben Hautajarvi,4,So far really great item only thing wrong with it is the strap broke on the remote within the first couple tries.,"Reviewed in the United States February 1, 2025",AHUXVGAVAZOHXVHFYOGNDBUQ34DA,True,From the United States,,B0DPLTD9VL,
RUUEDF9ZN3UU0,Works great,Bonnie Alexander,5,"It is the perfect size, super quiet and moves smoothly","Reviewed in the United States January 29, 2025",AHVSJ7WAENW53YRWPRDYKOP6CSAA,True,From the United States,,B0DPLTD9VL,
R62CNVWK1Z0YA,Caminadora.,Olga L.,4,Muy buena solo le faltan las barras de seguridad,"Reviewed in the United States January 28, 2025",AG2L55JLM4J5FQMGVUCGLAZ7ACKQ,True,From the United States,,B0DPLTD9VL,
